{
  "books": [
    {
      "id": "1",
      "title": "To Kill a Mockingbird",
      "author": "Harper Lee",
      "pageCount": 281,
      "year": 1960,
      "language": "English"
    },
    {
      "id": "2",
      "title": "1984",
      "author": "George Orwell",
      "pageCount": 328,
      "year": 1949,
      "language": "English"
    },
    {
      "id": "3",
      "title": "The Great Gatsby",
      "author": "F. Scott Fitzgerald",
      "pageCount": 180,
      "year": 1925,
      "language": "English"
    },
    {
      "id": "4",
      "title": "Pride and Prejudice",
      "author": "Jane Austen",
      "pageCount": 279,
      "year": 1813,
      "language": "English"
    },
    {
      "id": "5",
      "title": "Moby-Dick",
      "author": "Herman Melville",
      "pageCount": 585,
      "year": 1851,
      "language": "English"
    },
    {
      "id": "6",
      "title": "The Catcher in the Rye",
      "author": "J.D. Salinger",
      "pageCount": 277,
      "year": 1951,
      "language": "English"
    },
    {
      "id": "7",
      "title": "To the Lighthouse",
      "author": "Virginia Woolf",
      "pageCount": 209,
      "year": 1927,
      "language": "English"
    },
    {
      "id": "8",
      "title": "The Hobbit",
      "author": "J.R.R. Tolkien",
      "pageCount": 310,
      "year": 1937,
      "language": "English"
    },
    {
      "id": "9",
      "title": "The Lord of the Rings",
      "author": "J.R.R. Tolkien",
      "pageCount": 1178,
      "year": 1954,
      "language": "English"
    },
    {
      "id": "10",
      "title": "Harry Potter and the Philosopher's Stone",
      "author": "J.K. Rowling",
      "pageCount": 223,
      "year": 1997,
      "language": "English"
    },
    {
      "id": "11",
      "title": "The Little Prince",
      "author": "Antoine de Saint-Exupéry",
      "pageCount": 96,
      "year": 1943,
      "language": "French"
    },
    {
      "id": "12",
      "title": "Don Quixote",
      "author": "Miguel de Cervantes",
      "pageCount": 863,
      "year": 1605,
      "language": "Spanish"
    },
    {
      "id": "13",
      "title": "War and Peace",
      "author": "Leo Tolstoy",
      "pageCount": 1225,
      "year": 1869,
      "language": "Russian"
    },
    {
      "id": "14",
      "title": "Crime and Punishment",
      "author": "Fyodor Dostoevsky",
      "pageCount": 430,
      "year": 1866,
      "language": "Russian"
    },
    {
      "id": "15",
      "title": "The Odyssey",
      "author": "Homer",
      "pageCount": 324,
      "year": -800,
      "language": "Greek"
    },
    {
      "id": "16",
      "title": "The Divine Comedy",
      "author": "Dante Alighieri",
      "pageCount": 798,
      "year": 1320,
      "language": "Italian"
    },
    {
      "id": "17",
      "title": "The Adventures of Huckleberry Finn",
      "author": "Mark Twain",
      "pageCount": 366,
      "year": 1884,
      "language": "English"
    },
    {
      "id": "18",
      "title": "The Picture of Dorian Gray",
      "author": "Oscar Wilde",
      "pageCount": 254,
      "year": 1890,
      "language": "English"
    },
    {
      "id": "19",
      "title": "Alice's Adventures in Wonderland",
      "author": "Lewis Carroll",
      "pageCount": 200,
      "year": 1865,
      "language": "English"
    },
    {
      "id": "20",
      "title": "The Alchemist",
      "author": "Paulo Coelho",
      "pageCount": 197,
      "year": 1988,
      "language": "Portuguese"
    },
    {
      "id": "5efc",
      "title": "Oliver Twist",
      "author": "Shakespear",
      "pageCount": 234,
      "year": 2024,
      "language": "English"
    },
    {
      "id": "3cd0",
      "title": "Hamlet",
      "author": "Forst",
      "pageCount": 434,
      "year": 2024,
      "language": "Spanish"
    },
    {
      "id": "f96b",
      "title": "Oliver T",
      "author": "Shakespeare",
      "pageCount": 33,
      "year": 2024,
      "language": "Spanish"
    },
    {
      "id": "7524",
      "title": "React",
      "author": "Sonu",
      "pageCount": 332,
      "year": 2024,
      "language": "Js"
    },
    {
      "id": "115f",
      "title": "Jungle Book",
      "author": "Rudyar Kipling",
      "pageCount": 244,
      "year": 2024,
      "language": "English"
    },
    {
      "id": "cb46",
      "title": "",
      "author": "Unknown",
      "pageCount": 0,
      "year": 2024,
      "language": ""
    },
    {
      "id": "933b",
      "title": "",
      "author": "Unknown",
      "pageCount": 0,
      "year": 2024,
      "language": ""
    },
    {
      "id": "0468",
      "title": "",
      "author": "Unknown",
      "pageCount": 0,
      "year": 2024,
      "language": ""
    }
  ]
}